clip_id,iteration,complexity_score,prefill_ms,autoregressive_ms,vlm_generate_ms,diffusion_sample_ms,action_to_traj_ms,other_ms,total_ms,minADE,coc_tokens
bea4f948-bf4e-4763-8a85-bdadb7c863aa,0,3,631.29,460.2,1091.49,194.05,1.34,2.2,1289.08,2.1734,80
bea4f948-bf4e-4763-8a85-bdadb7c863aa,1,3,630.12,389.42,1019.53,193.89,1.06,1.68,1216.17,2.6169,71
bea4f948-bf4e-4763-8a85-bdadb7c863aa,2,3,638.39,508.55,1146.94,194.24,1.11,1.57,1343.86,0.4403,98
bea4f948-bf4e-4763-8a85-bdadb7c863aa,3,3,638.32,461.12,1099.45,194.28,1.08,1.73,1296.53,5.2815,85
bea4f948-bf4e-4763-8a85-bdadb7c863aa,4,3,644.27,296.52,940.78,192.47,1.11,1.68,1136.04,5.1408,51
bea4f948-bf4e-4763-8a85-bdadb7c863aa,5,3,646.91,508.55,1155.46,194.22,1.03,1.59,1352.3,6.3785,98
bea4f948-bf4e-4763-8a85-bdadb7c863aa,6,3,651.79,414.91,1066.7,194.28,1.09,1.67,1263.73,6.032,73
bea4f948-bf4e-4763-8a85-bdadb7c863aa,7,3,650.94,1283.44,1934.38,194.72,1.11,1.63,2131.83,0.8578,268
bea4f948-bf4e-4763-8a85-bdadb7c863aa,8,3,657.28,462.19,1119.47,194.26,1.06,1.66,1316.45,0.7375,85
bea4f948-bf4e-4763-8a85-bdadb7c863aa,9,3,658.17,461.31,1119.49,194.31,1.03,1.66,1316.49,2.0655,85
6772f2ec-de25-4cce-b731-0af9f06fbdc6,0,2,632.29,366.21,998.5,191.1,1.18,1.94,1192.72,1.9012,64
6772f2ec-de25-4cce-b731-0af9f06fbdc6,1,2,646.83,250.18,897.01,194.35,1.12,1.79,1094.27,0.744,39
6772f2ec-de25-4cce-b731-0af9f06fbdc6,2,2,646.45,366.67,1013.11,191.34,1.16,1.66,1207.27,0.8481,64
6772f2ec-de25-4cce-b731-0af9f06fbdc6,3,2,653.38,367.25,1020.63,191.42,1.17,1.67,1214.89,0.6998,64
6772f2ec-de25-4cce-b731-0af9f06fbdc6,4,2,653.85,367.46,1021.31,191.13,1.05,4.21,1217.7,2.3024,64
6772f2ec-de25-4cce-b731-0af9f06fbdc6,5,2,655.54,367.46,1023.01,191.19,1.12,1.76,1217.07,2.0451,64
6772f2ec-de25-4cce-b731-0af9f06fbdc6,6,2,660.63,345.26,1005.89,193.05,1.08,1.64,1201.66,1.3887,59
6772f2ec-de25-4cce-b731-0af9f06fbdc6,7,2,659.09,368.97,1028.06,191.26,1.05,1.73,1222.1,1.1092,64
6772f2ec-de25-4cce-b731-0af9f06fbdc6,8,2,659.91,368.93,1028.85,191.2,1.03,1.58,1222.65,1.598,64
6772f2ec-de25-4cce-b731-0af9f06fbdc6,9,2,667.31,368.57,1035.89,191.08,1.06,1.58,1229.6,0.4809,62
0b61ec77-e155-4c49-b97f-c7ec5fbb039f,0,3,642.61,390.88,1033.49,194.08,1.17,2.08,1230.81,0.6683,72
0b61ec77-e155-4c49-b97f-c7ec5fbb039f,1,3,653.53,390.43,1043.96,194.06,1.17,1.85,1241.04,0.5917,72
0b61ec77-e155-4c49-b97f-c7ec5fbb039f,2,3,654.52,391.59,1046.1,194.11,1.12,1.76,1243.09,0.6398,72
0b61ec77-e155-4c49-b97f-c7ec5fbb039f,3,3,655.99,391.48,1047.48,194.01,1.04,1.6,1244.13,0.5881,72
0b61ec77-e155-4c49-b97f-c7ec5fbb039f,4,3,659.76,404.37,1064.12,218.38,1.48,2.25,1286.23,0.6592,72
0b61ec77-e155-4c49-b97f-c7ec5fbb039f,5,3,660.53,374.22,1034.75,211.7,1.45,2.29,1250.19,4.846,64
0b61ec77-e155-4c49-b97f-c7ec5fbb039f,6,3,664.73,390.83,1055.56,194.34,1.04,1.77,1252.71,0.5372,72
0b61ec77-e155-4c49-b97f-c7ec5fbb039f,7,3,667.42,390.49,1057.91,194.27,1.02,1.61,1254.81,0.715,72
0b61ec77-e155-4c49-b97f-c7ec5fbb039f,8,3,667.22,392.53,1059.75,194.13,1.09,1.74,1256.71,1.1103,72
0b61ec77-e155-4c49-b97f-c7ec5fbb039f,9,3,665.69,393.19,1058.88,194.7,1.02,1.74,1256.33,0.7489,72
e43bcbc8-e11b-4d4a-9b01-85dfee6cc142,0,2,641.72,225.72,867.44,192.94,1.1,2.03,1063.51,1.2119,36
e43bcbc8-e11b-4d4a-9b01-85dfee6cc142,1,2,653.45,297.63,951.08,192.8,1.18,1.76,1146.82,2.5171,46
e43bcbc8-e11b-4d4a-9b01-85dfee6cc142,2,2,655.61,202.92,858.53,193.27,1.06,1.8,1054.66,2.9312,30
e43bcbc8-e11b-4d4a-9b01-85dfee6cc142,3,2,657.8,226.89,884.69,193.99,1.14,1.73,1081.54,1.1807,36
e43bcbc8-e11b-4d4a-9b01-85dfee6cc142,4,2,657.19,226.91,884.1,193.2,1.11,1.64,1080.04,1.1872,36
e43bcbc8-e11b-4d4a-9b01-85dfee6cc142,5,2,661.55,227.9,889.46,195.02,1.13,1.64,1087.24,0.9846,35
e43bcbc8-e11b-4d4a-9b01-85dfee6cc142,6,2,659.35,297.9,957.24,192.66,1.05,1.6,1152.55,2.0365,46
e43bcbc8-e11b-4d4a-9b01-85dfee6cc142,7,2,667.32,298.36,965.68,192.88,1.08,1.6,1161.24,2.7978,46
e43bcbc8-e11b-4d4a-9b01-85dfee6cc142,8,2,667.75,298.22,965.96,192.71,1.09,1.63,1161.4,3.9072,46
e43bcbc8-e11b-4d4a-9b01-85dfee6cc142,9,2,669.13,322.73,991.86,193.17,1.02,1.53,1187.58,1.9286,54
36c01c90-8efc-4c21-8e43-158a4c86214f,0,4,643.77,391.91,1035.68,194.34,1.1,2.19,1233.31,6.2963,71
36c01c90-8efc-4c21-8e43-158a4c86214f,1,4,655.17,390.98,1046.15,194.08,1.09,1.78,1243.1,2.4302,71
36c01c90-8efc-4c21-8e43-158a4c86214f,2,4,659.22,390.89,1050.11,194.59,1.08,1.69,1247.48,2.0452,72
36c01c90-8efc-4c21-8e43-158a4c86214f,3,4,659.73,391.19,1050.92,194.27,1.11,1.7,1248.0,8.6541,72
36c01c90-8efc-4c21-8e43-158a4c86214f,4,4,665.94,392.27,1058.21,194.15,1.04,1.6,1255.01,2.6972,72
36c01c90-8efc-4c21-8e43-158a4c86214f,5,4,665.37,391.78,1057.15,194.27,1.04,1.64,1254.1,8.7578,70
36c01c90-8efc-4c21-8e43-158a4c86214f,6,4,668.67,391.79,1060.46,194.13,1.06,1.69,1257.33,2.427,71
36c01c90-8efc-4c21-8e43-158a4c86214f,7,4,674.8,392.72,1067.52,194.35,1.13,1.66,1264.66,1.2802,71
36c01c90-8efc-4c21-8e43-158a4c86214f,8,4,673.71,392.56,1066.27,194.02,1.02,1.64,1262.95,2.2783,72
36c01c90-8efc-4c21-8e43-158a4c86214f,9,4,679.1,391.86,1070.96,194.67,1.09,1.61,1268.33,2.0388,71
983e7342-b94b-4b67-8052-31312633f78e,0,3,641.43,390.84,1032.27,194.1,1.11,2.06,1229.54,0.8801,72
983e7342-b94b-4b67-8052-31312633f78e,1,3,659.41,391.16,1050.57,194.27,1.08,1.78,1247.69,1.8233,72
983e7342-b94b-4b67-8052-31312633f78e,2,3,662.25,391.37,1053.61,194.11,1.17,1.72,1250.61,2.354,72
983e7342-b94b-4b67-8052-31312633f78e,3,3,665.42,396.94,1062.36,193.98,1.04,1.69,1259.06,6.576,72
983e7342-b94b-4b67-8052-31312633f78e,4,3,665.74,392.11,1057.85,194.08,1.02,1.67,1254.63,0.8455,72
983e7342-b94b-4b67-8052-31312633f78e,5,3,671.79,392.19,1063.98,194.31,1.04,1.64,1260.97,2.1878,72
983e7342-b94b-4b67-8052-31312633f78e,6,3,676.01,392.72,1068.73,194.24,1.04,1.7,1265.72,1.2132,72
983e7342-b94b-4b67-8052-31312633f78e,7,3,675.85,392.69,1068.55,194.41,1.12,1.7,1265.78,1.1787,72
983e7342-b94b-4b67-8052-31312633f78e,8,3,676.98,392.53,1069.51,194.25,1.04,1.67,1266.47,0.6773,72
983e7342-b94b-4b67-8052-31312633f78e,9,3,677.61,392.48,1070.09,194.73,1.03,1.67,1267.51,0.7967,72
973f47f2-8577-4323-820c-ed080f1cf833,0,2,644.91,461.48,1106.39,194.24,1.12,2.0,1303.75,0.5503,69
973f47f2-8577-4323-820c-ed080f1cf833,1,2,658.51,460.69,1119.2,194.26,1.18,1.77,1316.41,2.0469,69
973f47f2-8577-4323-820c-ed080f1cf833,2,2,661.08,367.66,1028.74,191.27,1.07,1.71,1222.78,0.6303,56
973f47f2-8577-4323-820c-ed080f1cf833,3,2,666.22,344.17,1010.39,192.92,1.04,1.65,1205.99,1.116,52
973f47f2-8577-4323-820c-ed080f1cf833,4,2,661.42,368.06,1029.48,191.27,1.03,5.06,1226.84,0.2595,56
973f47f2-8577-4323-820c-ed080f1cf833,5,2,668.67,414.49,1083.16,194.44,1.11,1.64,1280.35,0.6191,73
973f47f2-8577-4323-820c-ed080f1cf833,6,2,671.43,391.74,1063.17,194.19,1.06,1.7,1260.11,1.4281,61
973f47f2-8577-4323-820c-ed080f1cf833,7,2,676.68,396.45,1073.12,195.44,1.03,1.74,1271.34,3.6483,57
973f47f2-8577-4323-820c-ed080f1cf833,8,2,678.65,416.58,1095.23,194.25,1.05,1.68,1292.2,0.382,73
973f47f2-8577-4323-820c-ed080f1cf833,9,2,679.58,369.42,1049.0,191.37,1.23,1.74,1243.34,1.1255,56
65c12666-3a74-4cc2-939c-fa1a7d0c8606,0,3,645.61,390.7,1036.31,194.18,1.11,2.01,1233.61,3.796,72
65c12666-3a74-4cc2-939c-fa1a7d0c8606,1,3,656.64,390.75,1047.38,194.14,1.15,1.82,1244.5,6.0636,72
65c12666-3a74-4cc2-939c-fa1a7d0c8606,2,3,661.68,391.98,1053.66,194.34,1.08,2.98,1252.06,3.9189,72
65c12666-3a74-4cc2-939c-fa1a7d0c8606,3,3,666.63,392.77,1059.39,194.14,1.08,1.73,1256.33,4.5291,72
65c12666-3a74-4cc2-939c-fa1a7d0c8606,4,3,656.82,392.36,1049.18,194.16,1.08,1.66,1246.09,5.9332,72
65c12666-3a74-4cc2-939c-fa1a7d0c8606,5,3,671.96,392.12,1064.08,194.51,1.1,1.72,1261.42,6.0084,72
65c12666-3a74-4cc2-939c-fa1a7d0c8606,6,3,670.84,392.97,1063.81,195.36,1.09,1.69,1261.95,3.539,72
65c12666-3a74-4cc2-939c-fa1a7d0c8606,7,3,672.04,392.68,1064.71,194.19,1.11,1.69,1261.71,4.9645,72
65c12666-3a74-4cc2-939c-fa1a7d0c8606,8,3,675.34,392.47,1067.81,194.2,1.01,1.73,1264.75,7.7268,72
65c12666-3a74-4cc2-939c-fa1a7d0c8606,9,3,682.57,393.7,1076.27,194.09,1.05,1.73,1273.14,4.8174,72
3ea68cb7-36bb-41ce-8bae-b8c4c04b32a0,0,4,642.11,343.64,985.74,193.03,1.16,2.24,1182.18,2.9104,65
3ea68cb7-36bb-41ce-8bae-b8c4c04b32a0,1,4,659.91,391.06,1050.96,194.14,1.18,1.82,1248.1,2.6607,71
3ea68cb7-36bb-41ce-8bae-b8c4c04b32a0,2,4,666.9,345.34,1012.24,192.98,1.15,1.82,1208.18,3.9548,65
3ea68cb7-36bb-41ce-8bae-b8c4c04b32a0,3,4,663.47,346.09,1009.56,192.84,1.1,1.7,1205.2,3.387,65
3ea68cb7-36bb-41ce-8bae-b8c4c04b32a0,4,4,668.58,462.96,1131.54,194.36,1.1,1.78,1328.78,0.5133,85
3ea68cb7-36bb-41ce-8bae-b8c4c04b32a0,5,4,674.32,251.14,925.45,194.41,1.05,1.88,1122.8,0.9296,39
3ea68cb7-36bb-41ce-8bae-b8c4c04b32a0,6,4,668.07,345.5,1013.57,193.03,1.43,2.11,1210.14,2.0724,65
3ea68cb7-36bb-41ce-8bae-b8c4c04b32a0,7,4,677.46,346.89,1024.35,192.96,1.05,1.89,1220.25,2.6024,65
3ea68cb7-36bb-41ce-8bae-b8c4c04b32a0,8,4,681.19,345.08,1026.27,193.05,1.02,1.66,1221.99,4.0411,65
3ea68cb7-36bb-41ce-8bae-b8c4c04b32a0,9,4,682.3,251.81,934.11,194.52,1.12,1.76,1131.51,1.2119,39
aca01906-6fa5-4407-ada8-79f4900d2c28,0,2,654.6,300.64,955.24,192.7,1.19,2.26,1151.39,1.9248,56
aca01906-6fa5-4407-ada8-79f4900d2c28,1,2,659.84,297.61,957.45,192.58,1.06,1.82,1152.91,0.9288,53
aca01906-6fa5-4407-ada8-79f4900d2c28,2,2,661.9,298.4,960.3,192.74,1.13,1.75,1155.92,0.8216,54
aca01906-6fa5-4407-ada8-79f4900d2c28,3,2,664.35,346.58,1010.94,192.99,1.03,1.71,1206.67,0.3319,57
aca01906-6fa5-4407-ada8-79f4900d2c28,4,2,670.36,345.58,1015.94,193.0,1.02,1.72,1211.68,1.1631,61
aca01906-6fa5-4407-ada8-79f4900d2c28,5,2,671.66,227.96,899.63,193.63,1.01,1.78,1096.04,0.6757,39
aca01906-6fa5-4407-ada8-79f4900d2c28,6,2,668.5,368.41,1036.92,191.28,1.06,1.78,1231.03,1.9184,73
aca01906-6fa5-4407-ada8-79f4900d2c28,7,2,677.25,251.94,929.19,194.56,1.11,1.77,1126.63,0.2552,44
aca01906-6fa5-4407-ada8-79f4900d2c28,8,2,672.17,298.16,970.33,192.95,1.05,1.83,1166.16,1.8412,60
aca01906-6fa5-4407-ada8-79f4900d2c28,9,2,680.59,628.19,1308.78,194.57,1.08,1.82,1506.24,1.1731,135
4de1d6b6-f074-4a6e-a167-d86265d6f424,0,4,642.86,461.5,1104.36,194.3,1.1,2.23,1301.99,0.3312,69
4de1d6b6-f074-4a6e-a167-d86265d6f424,1,4,663.37,413.89,1077.26,194.24,1.06,1.77,1274.34,5.8355,69
4de1d6b6-f074-4a6e-a167-d86265d6f424,2,4,669.43,391.77,1061.2,194.39,1.07,1.79,1258.45,3.1689,69
4de1d6b6-f074-4a6e-a167-d86265d6f424,3,4,667.86,461.82,1129.68,194.24,1.05,1.75,1326.71,1.332,71
4de1d6b6-f074-4a6e-a167-d86265d6f424,4,4,675.37,462.39,1137.76,194.31,1.04,1.73,1334.84,1.2281,69
4de1d6b6-f074-4a6e-a167-d86265d6f424,5,4,676.68,367.71,1044.39,191.2,1.04,1.73,1238.37,1.7224,50
4de1d6b6-f074-4a6e-a167-d86265d6f424,6,4,678.08,345.45,1023.53,193.13,1.05,1.73,1219.44,3.4781,65
4de1d6b6-f074-4a6e-a167-d86265d6f424,7,4,675.49,392.5,1068.0,194.37,1.04,1.76,1265.16,3.0423,59
4de1d6b6-f074-4a6e-a167-d86265d6f424,8,4,679.9,415.75,1095.66,194.72,1.06,1.77,1293.21,2.4709,69
4de1d6b6-f074-4a6e-a167-d86265d6f424,9,4,682.07,463.46,1145.53,194.49,1.14,1.82,1342.98,1.0963,69
c7bed08e-975a-4285-b399-5ea67a725b68,0,3,651.03,414.76,1065.78,194.41,1.21,2.03,1263.43,3.9816,77
c7bed08e-975a-4285-b399-5ea67a725b68,1,3,665.61,415.6,1081.21,194.26,1.08,1.76,1278.31,5.9031,77
c7bed08e-975a-4285-b399-5ea67a725b68,2,3,668.49,392.27,1060.77,194.22,1.14,1.89,1258.02,5.7064,72
c7bed08e-975a-4285-b399-5ea67a725b68,3,3,672.21,392.08,1064.29,194.31,1.12,1.8,1261.52,0.3233,73
c7bed08e-975a-4285-b399-5ea67a725b68,4,3,669.6,392.44,1062.04,194.02,1.14,1.69,1258.89,10.7078,72
c7bed08e-975a-4285-b399-5ea67a725b68,5,3,676.99,392.27,1069.26,194.28,1.07,1.66,1266.27,2.2017,72
c7bed08e-975a-4285-b399-5ea67a725b68,6,3,677.42,464.26,1141.68,194.46,1.05,1.79,1338.98,5.5452,83
c7bed08e-975a-4285-b399-5ea67a725b68,7,3,680.75,392.39,1073.14,194.15,1.02,1.66,1269.97,0.2857,72
c7bed08e-975a-4285-b399-5ea67a725b68,8,3,684.66,399.53,1084.19,194.41,1.06,1.72,1281.38,4.7945,72
c7bed08e-975a-4285-b399-5ea67a725b68,9,3,685.6,416.57,1102.16,194.59,1.13,1.79,1299.67,5.4029,74
72bd6f52-0836-4b0d-9909-5bdedd987613,0,3,644.89,485.18,1130.07,194.09,1.18,2.09,1327.43,13.9244,93
72bd6f52-0836-4b0d-9909-5bdedd987613,1,3,668.28,391.83,1060.11,194.14,1.16,1.79,1257.2,12.5914,73
72bd6f52-0836-4b0d-9909-5bdedd987613,2,3,669.73,391.14,1060.87,194.29,1.11,1.81,1258.09,12.0655,73
72bd6f52-0836-4b0d-9909-5bdedd987613,3,3,670.54,468.05,1138.6,216.43,1.41,2.14,1358.58,13.3381,87
72bd6f52-0836-4b0d-9909-5bdedd987613,4,3,670.76,345.27,1016.03,193.22,1.05,1.84,1212.13,12.5926,67
72bd6f52-0836-4b0d-9909-5bdedd987613,5,3,671.64,393.56,1065.21,194.01,1.13,1.74,1262.08,14.674,73
72bd6f52-0836-4b0d-9909-5bdedd987613,6,3,679.13,392.23,1071.36,194.38,1.05,1.67,1268.45,13.8993,73
72bd6f52-0836-4b0d-9909-5bdedd987613,7,3,682.26,346.82,1029.08,193.2,1.09,1.76,1225.13,13.1248,66
72bd6f52-0836-4b0d-9909-5bdedd987613,8,3,678.5,347.31,1025.81,193.22,1.11,1.74,1221.87,14.3652,66
72bd6f52-0836-4b0d-9909-5bdedd987613,9,3,679.87,464.61,1144.47,194.51,1.09,1.87,1341.95,13.4299,91
d84090dd-897b-42e5-9e75-8f472865ccba,0,3,646.11,250.35,896.46,193.1,1.22,2.08,1092.86,3.28,39
d84090dd-897b-42e5-9e75-8f472865ccba,1,3,662.02,391.86,1053.88,194.19,1.09,1.85,1251.02,4.1554,72
d84090dd-897b-42e5-9e75-8f472865ccba,2,3,660.16,392.08,1052.24,194.66,1.16,1.88,1249.94,1.0909,72
d84090dd-897b-42e5-9e75-8f472865ccba,3,3,671.7,393.06,1064.76,194.27,1.12,1.8,1261.94,3.1545,72
d84090dd-897b-42e5-9e75-8f472865ccba,4,3,670.91,369.21,1040.12,191.37,1.08,1.79,1234.36,4.9551,66
d84090dd-897b-42e5-9e75-8f472865ccba,5,3,677.92,368.86,1046.79,191.33,1.14,1.66,1240.92,2.7155,66
d84090dd-897b-42e5-9e75-8f472865ccba,6,3,678.35,322.02,1000.37,192.89,1.09,1.85,1196.2,1.946,53
d84090dd-897b-42e5-9e75-8f472865ccba,7,3,679.78,369.26,1049.03,191.5,1.08,1.69,1243.31,2.3209,62
d84090dd-897b-42e5-9e75-8f472865ccba,8,3,682.44,393.43,1075.87,194.49,1.11,1.68,1273.15,1.5132,72
d84090dd-897b-42e5-9e75-8f472865ccba,9,3,681.9,392.72,1074.61,194.35,1.05,1.85,1271.87,1.629,72
2319b008-793c-49d6-b579-923eedd2dc72,0,4,641.56,392.77,1034.33,194.46,1.11,2.08,1231.97,4.1362,72
2319b008-793c-49d6-b579-923eedd2dc72,1,4,664.19,391.47,1055.67,194.42,1.04,1.82,1252.95,3.899,72
2319b008-793c-49d6-b579-923eedd2dc72,2,4,667.21,391.41,1058.62,194.16,1.14,1.74,1255.67,2.9512,71
2319b008-793c-49d6-b579-923eedd2dc72,3,4,670.43,392.76,1063.19,194.37,1.12,1.79,1260.48,8.3192,71
2319b008-793c-49d6-b579-923eedd2dc72,4,4,663.69,369.12,1032.81,191.24,1.07,1.75,1226.86,3.8571,68
2319b008-793c-49d6-b579-923eedd2dc72,5,4,678.99,368.87,1047.86,191.33,1.02,1.76,1241.98,3.9374,62
2319b008-793c-49d6-b579-923eedd2dc72,6,4,680.47,651.14,1331.61,194.19,1.11,1.81,1528.72,3.4939,120
2319b008-793c-49d6-b579-923eedd2dc72,7,4,685.52,321.8,1007.32,193.04,1.03,1.73,1203.12,3.7589,61
2319b008-793c-49d6-b579-923eedd2dc72,8,4,682.55,298.48,981.03,193.0,1.02,1.67,1176.73,3.1984,46
2319b008-793c-49d6-b579-923eedd2dc72,9,4,681.53,393.09,1074.62,194.69,1.01,1.67,1271.99,3.3819,71
908d9f04-1925-4a64-a046-99348347087e,0,4,643.89,320.54,964.42,192.54,1.11,2.16,1160.23,0.3072,51
908d9f04-1925-4a64-a046-99348347087e,1,4,661.41,345.79,1007.2,192.97,1.08,1.94,1203.2,0.3429,61
908d9f04-1925-4a64-a046-99348347087e,2,4,661.52,321.9,983.42,192.58,1.15,1.78,1178.93,0.5411,49
908d9f04-1925-4a64-a046-99348347087e,3,4,664.82,345.82,1010.64,192.95,1.03,1.78,1206.4,0.6624,57
908d9f04-1925-4a64-a046-99348347087e,4,4,666.56,345.79,1012.34,193.03,1.02,1.67,1208.07,0.5129,61
908d9f04-1925-4a64-a046-99348347087e,5,4,665.6,321.72,987.31,192.6,1.15,1.77,1182.84,0.1677,53
908d9f04-1925-4a64-a046-99348347087e,6,4,674.6,322.1,996.7,192.74,1.13,1.81,1192.38,0.8359,53
908d9f04-1925-4a64-a046-99348347087e,7,4,675.52,322.46,997.98,192.79,1.08,1.68,1193.53,0.5117,58
908d9f04-1925-4a64-a046-99348347087e,8,4,677.26,345.78,1023.05,193.18,1.11,1.69,1219.03,1.3664,61
908d9f04-1925-4a64-a046-99348347087e,9,4,680.54,369.37,1049.92,191.19,1.16,1.8,1244.06,1.2974,65
b89c9fb0-ea2c-4043-b7a5-2570ea3fa241,0,4,642.71,276.82,919.53,208.12,1.12,2.42,1131.2,0.3768,35
b89c9fb0-ea2c-4043-b7a5-2570ea3fa241,1,4,661.43,390.93,1052.36,194.69,1.07,1.83,1249.95,0.6657,72
b89c9fb0-ea2c-4043-b7a5-2570ea3fa241,2,4,667.81,391.42,1059.24,194.45,1.09,1.87,1256.64,0.7226,72
b89c9fb0-ea2c-4043-b7a5-2570ea3fa241,3,4,669.9,392.19,1062.08,194.19,1.06,1.82,1259.16,1.5828,72
b89c9fb0-ea2c-4043-b7a5-2570ea3fa241,4,4,668.73,368.88,1037.61,191.31,1.04,1.74,1231.7,0.4202,59
b89c9fb0-ea2c-4043-b7a5-2570ea3fa241,5,4,674.46,344.73,1019.19,192.82,1.03,1.76,1214.8,0.5283,60
b89c9fb0-ea2c-4043-b7a5-2570ea3fa241,6,4,678.48,415.76,1094.23,194.61,1.04,1.75,1291.63,2.4961,71
b89c9fb0-ea2c-4043-b7a5-2570ea3fa241,7,4,680.79,416.15,1096.94,194.36,1.05,1.73,1294.08,2.1155,69
b89c9fb0-ea2c-4043-b7a5-2570ea3fa241,8,4,682.84,392.2,1075.04,194.52,1.02,1.71,1272.28,0.4111,72
b89c9fb0-ea2c-4043-b7a5-2570ea3fa241,9,4,684.94,392.91,1077.85,194.28,1.02,1.71,1274.85,0.4484,62
c9e75d03-6d05-4295-ab9d-3c2b904bc4f8,0,5,648.4,1001.86,1650.27,194.53,1.11,2.05,1847.96,5.6767,208
c9e75d03-6d05-4295-ab9d-3c2b904bc4f8,1,5,677.44,367.39,1044.83,191.33,1.06,1.69,1238.91,1.4301,64
c9e75d03-6d05-4295-ab9d-3c2b904bc4f8,2,5,674.71,485.67,1160.38,194.19,1.07,1.7,1357.35,1.2619,82
c9e75d03-6d05-4295-ab9d-3c2b904bc4f8,3,5,675.07,416.22,1091.29,194.48,1.14,4.13,1291.03,3.2708,75
c9e75d03-6d05-4295-ab9d-3c2b904bc4f8,4,5,671.78,840.2,1511.97,194.58,1.14,1.74,1709.43,1.6392,151
c9e75d03-6d05-4295-ab9d-3c2b904bc4f8,5,5,684.99,416.6,1101.59,194.6,1.1,1.8,1299.09,2.3645,75
c9e75d03-6d05-4295-ab9d-3c2b904bc4f8,6,5,681.8,1223.79,1905.59,195.31,1.12,1.76,2103.78,2.4547,257
c9e75d03-6d05-4295-ab9d-3c2b904bc4f8,7,5,680.31,1076.72,1757.02,195.3,1.11,1.76,1955.2,1.5421,226
c9e75d03-6d05-4295-ab9d-3c2b904bc4f8,8,5,688.61,700.06,1388.67,194.81,1.04,1.7,1586.21,2.213,145
c9e75d03-6d05-4295-ab9d-3c2b904bc4f8,9,5,685.17,1407.65,2092.82,195.69,1.08,1.84,2291.43,1.7613,284
cede960a-113b-4eca-bc7b-b313fa21c898,0,5,656.19,321.14,977.33,192.79,1.15,2.13,1173.4,4.627,60
cede960a-113b-4eca-bc7b-b313fa21c898,1,5,673.5,345.21,1018.72,193.16,1.11,1.85,1214.84,0.8051,65
cede960a-113b-4eca-bc7b-b313fa21c898,2,5,674.36,369.36,1043.72,191.49,1.12,1.77,1238.09,3.0196,74
cede960a-113b-4eca-bc7b-b313fa21c898,3,5,674.51,322.81,997.31,193.05,1.13,1.72,1193.22,4.5343,60
cede960a-113b-4eca-bc7b-b313fa21c898,4,5,665.95,346.81,1012.76,193.03,1.43,1.98,1209.2,2.4429,65
cede960a-113b-4eca-bc7b-b313fa21c898,5,5,679.73,369.49,1049.22,191.69,1.05,1.81,1243.77,4.1985,74
cede960a-113b-4eca-bc7b-b313fa21c898,6,5,685.43,396.35,1081.78,194.53,1.02,1.72,1279.05,1.9775,72
cede960a-113b-4eca-bc7b-b313fa21c898,7,5,688.13,393.84,1081.97,194.61,1.01,1.77,1279.36,9.6397,72
cede960a-113b-4eca-bc7b-b313fa21c898,8,5,685.08,346.06,1031.15,193.52,1.09,1.71,1227.45,2.4152,71
cede960a-113b-4eca-bc7b-b313fa21c898,9,5,688.4,346.27,1034.67,193.38,1.03,1.74,1230.81,2.7423,65
337a6c35-4e13-4f32-960e-a1b6a4b3c3dd,0,4,656.92,415.33,1072.25,194.66,1.18,2.07,1270.16,3.5534,74
337a6c35-4e13-4f32-960e-a1b6a4b3c3dd,1,4,666.96,415.59,1082.54,194.65,1.11,1.76,1280.07,2.3884,74
337a6c35-4e13-4f32-960e-a1b6a4b3c3dd,2,4,670.72,321.6,992.33,193.04,1.14,1.81,1188.32,2.8654,54
337a6c35-4e13-4f32-960e-a1b6a4b3c3dd,3,4,673.4,463.31,1136.71,194.26,1.12,1.75,1333.84,0.175,87
337a6c35-4e13-4f32-960e-a1b6a4b3c3dd,4,4,680.35,322.94,1003.29,193.1,1.02,1.67,1199.08,1.93,54
337a6c35-4e13-4f32-960e-a1b6a4b3c3dd,5,4,675.26,417.96,1093.22,194.65,1.14,1.73,1290.74,2.909,74
337a6c35-4e13-4f32-960e-a1b6a4b3c3dd,6,4,677.97,415.85,1093.81,194.67,1.12,1.74,1291.33,2.8644,74
337a6c35-4e13-4f32-960e-a1b6a4b3c3dd,7,4,684.55,464.1,1148.65,194.53,1.02,1.79,1345.99,1.9534,87
337a6c35-4e13-4f32-960e-a1b6a4b3c3dd,8,4,685.58,323.32,1008.9,193.09,1.1,1.69,1204.78,3.5355,54
337a6c35-4e13-4f32-960e-a1b6a4b3c3dd,9,4,681.59,464.82,1146.41,194.47,1.06,1.84,1343.78,2.6499,87
5cf10b74-574b-419a-b7eb-0e2a6663dc75,0,4,658.77,462.28,1121.04,194.38,1.1,2.17,1318.7,0.5357,84
5cf10b74-574b-419a-b7eb-0e2a6663dc75,1,4,673.54,345.86,1019.4,193.03,1.14,1.9,1215.47,0.322,65
5cf10b74-574b-419a-b7eb-0e2a6663dc75,2,4,667.84,322.87,990.71,201.25,1.09,1.84,1194.89,0.3837,59
5cf10b74-574b-419a-b7eb-0e2a6663dc75,3,4,669.45,463.8,1133.24,194.52,1.06,1.77,1330.59,0.1654,84
5cf10b74-574b-419a-b7eb-0e2a6663dc75,4,4,680.0,322.31,1002.31,193.22,1.02,1.77,1198.32,0.2916,59
5cf10b74-574b-419a-b7eb-0e2a6663dc75,5,4,677.98,323.63,1001.61,193.23,1.1,1.64,1197.58,1.0609,59
5cf10b74-574b-419a-b7eb-0e2a6663dc75,6,4,677.27,323.59,1000.86,193.51,1.04,1.71,1197.12,1.4707,59
5cf10b74-574b-419a-b7eb-0e2a6663dc75,7,4,679.81,324.01,1003.82,193.24,1.13,1.73,1199.93,0.9435,59
5cf10b74-574b-419a-b7eb-0e2a6663dc75,8,4,679.85,347.43,1027.28,193.42,1.1,1.77,1223.58,0.6253,65
5cf10b74-574b-419a-b7eb-0e2a6663dc75,9,4,684.76,350.38,1035.14,217.86,1.39,2.04,1256.44,0.2103,63
770cc49c-37bf-4385-8c2a-30153b0b6a62,0,2,649.9,391.22,1041.12,194.15,1.14,2.18,1238.6,1.6906,72
770cc49c-37bf-4385-8c2a-30153b0b6a62,1,2,666.5,391.56,1058.06,194.34,1.14,1.83,1255.37,1.1465,72
770cc49c-37bf-4385-8c2a-30153b0b6a62,2,2,670.04,393.13,1063.17,194.3,1.12,1.78,1260.37,1.1756,72
770cc49c-37bf-4385-8c2a-30153b0b6a62,3,2,671.08,392.29,1063.37,194.34,1.08,1.72,1260.52,2.6316,72
770cc49c-37bf-4385-8c2a-30153b0b6a62,4,2,674.3,392.36,1066.66,194.45,1.04,1.84,1263.99,2.5519,72
770cc49c-37bf-4385-8c2a-30153b0b6a62,5,2,676.31,393.33,1069.64,194.37,1.04,1.84,1266.88,1.0267,72
770cc49c-37bf-4385-8c2a-30153b0b6a62,6,2,679.36,392.81,1072.17,194.3,1.04,1.81,1269.32,1.1824,72
770cc49c-37bf-4385-8c2a-30153b0b6a62,7,2,680.38,392.96,1073.34,194.47,1.07,1.81,1270.69,3.4269,72
770cc49c-37bf-4385-8c2a-30153b0b6a62,8,2,682.62,393.68,1076.3,194.36,1.04,1.78,1273.48,1.1454,72
770cc49c-37bf-4385-8c2a-30153b0b6a62,9,2,686.15,392.95,1079.09,194.57,1.03,1.82,1276.51,1.0956,72
d4a97e34-e8f6-45b1-9a7a-a88bd3282857,0,4,656.2,320.79,976.98,192.76,1.13,2.27,1173.14,0.9379,53
d4a97e34-e8f6-45b1-9a7a-a88bd3282857,1,4,662.75,226.65,889.4,193.18,1.05,1.79,1085.42,1.0545,39
d4a97e34-e8f6-45b1-9a7a-a88bd3282857,2,4,661.04,321.26,982.29,192.75,1.03,1.73,1177.81,0.7024,53
d4a97e34-e8f6-45b1-9a7a-a88bd3282857,3,4,667.43,227.69,895.12,194.35,1.04,1.71,1092.22,0.3588,39
d4a97e34-e8f6-45b1-9a7a-a88bd3282857,4,4,665.95,320.99,986.95,192.91,1.03,1.68,1182.57,0.4866,53
d4a97e34-e8f6-45b1-9a7a-a88bd3282857,5,4,673.9,368.39,1042.29,191.39,1.08,1.78,1236.54,0.903,59
d4a97e34-e8f6-45b1-9a7a-a88bd3282857,6,4,676.96,256.02,932.99,195.38,1.04,1.71,1131.12,0.3021,41
d4a97e34-e8f6-45b1-9a7a-a88bd3282857,7,4,672.53,227.08,899.61,193.41,1.05,2.94,1097.02,1.5231,35
d4a97e34-e8f6-45b1-9a7a-a88bd3282857,8,4,672.94,416.68,1089.62,194.69,1.1,1.82,1287.22,1.3357,73
d4a97e34-e8f6-45b1-9a7a-a88bd3282857,9,4,680.52,368.41,1048.93,191.5,1.05,1.74,1243.23,0.4374,59
707efc2c-34f3-4f20-84c7-8ed6a029e6a7,0,2,653.78,367.42,1021.21,191.27,1.11,2.18,1215.77,2.4715,64
707efc2c-34f3-4f20-84c7-8ed6a029e6a7,1,2,664.64,369.27,1033.91,191.25,1.19,1.98,1228.33,4.5551,64
707efc2c-34f3-4f20-84c7-8ed6a029e6a7,2,2,664.11,369.22,1033.33,191.27,1.05,1.83,1227.49,2.5531,64
707efc2c-34f3-4f20-84c7-8ed6a029e6a7,3,2,665.7,345.08,1010.78,193.02,1.23,2.0,1207.03,0.852,62
707efc2c-34f3-4f20-84c7-8ed6a029e6a7,4,2,670.23,368.39,1038.62,191.4,1.1,1.68,1232.8,6.2145,64
707efc2c-34f3-4f20-84c7-8ed6a029e6a7,5,2,675.57,345.92,1021.5,215.29,1.08,1.9,1239.77,4.0179,62
707efc2c-34f3-4f20-84c7-8ed6a029e6a7,6,2,666.89,368.61,1035.49,191.44,1.05,1.78,1229.77,2.8004,64
707efc2c-34f3-4f20-84c7-8ed6a029e6a7,7,2,679.21,369.23,1048.44,191.32,1.04,1.69,1242.48,2.3007,64
707efc2c-34f3-4f20-84c7-8ed6a029e6a7,8,2,678.45,369.53,1047.99,191.51,1.08,1.68,1242.26,3.8694,64
707efc2c-34f3-4f20-84c7-8ed6a029e6a7,9,2,681.58,369.49,1051.07,191.52,1.05,1.7,1245.34,3.756,64
ee1e7b03-3c79-4659-9084-24b8d0a39ff1,0,5,639.26,344.22,983.47,192.89,1.15,2.11,1179.63,0.5493,65
ee1e7b03-3c79-4659-9084-24b8d0a39ff1,1,5,661.9,391.81,1053.71,194.26,1.14,1.82,1250.93,0.73,72
ee1e7b03-3c79-4659-9084-24b8d0a39ff1,2,5,667.31,391.58,1058.89,194.22,1.05,1.83,1256.0,0.4456,72
ee1e7b03-3c79-4659-9084-24b8d0a39ff1,3,5,670.58,345.32,1015.9,193.05,1.11,1.77,1211.83,1.1875,65
ee1e7b03-3c79-4659-9084-24b8d0a39ff1,4,5,670.95,392.81,1063.76,194.11,1.02,1.67,1260.56,2.2759,72
ee1e7b03-3c79-4659-9084-24b8d0a39ff1,5,5,674.56,392.35,1066.91,194.32,1.05,1.74,1264.02,1.5442,72
ee1e7b03-3c79-4659-9084-24b8d0a39ff1,6,5,677.59,393.15,1070.74,194.25,1.04,1.7,1267.73,1.235,72
ee1e7b03-3c79-4659-9084-24b8d0a39ff1,7,5,676.37,392.23,1068.6,194.47,1.04,1.7,1265.8,1.8883,72
ee1e7b03-3c79-4659-9084-24b8d0a39ff1,8,5,681.8,392.33,1074.13,194.31,1.02,1.65,1271.11,1.0678,72
ee1e7b03-3c79-4659-9084-24b8d0a39ff1,9,5,682.23,393.51,1075.74,194.49,1.12,1.78,1273.13,0.8866,72
2c6e8247-11ef-4e2f-9027-27a25f33f37b,0,3,649.05,319.61,968.66,192.64,1.12,2.22,1164.64,2.7433,67
2c6e8247-11ef-4e2f-9027-27a25f33f37b,1,3,662.74,320.94,983.68,192.83,1.11,1.83,1179.45,2.8433,69
2c6e8247-11ef-4e2f-9027-27a25f33f37b,2,3,666.72,320.68,987.39,192.68,1.06,1.73,1182.87,0.6257,69
2c6e8247-11ef-4e2f-9027-27a25f33f37b,3,3,670.58,344.68,1015.26,192.93,1.07,1.71,1210.96,0.1967,75
2c6e8247-11ef-4e2f-9027-27a25f33f37b,4,3,672.98,324.14,997.12,193.01,1.09,1.76,1192.99,1.5834,69
2c6e8247-11ef-4e2f-9027-27a25f33f37b,5,3,674.07,321.89,995.96,192.89,1.13,1.87,1191.85,1.4439,69
2c6e8247-11ef-4e2f-9027-27a25f33f37b,6,3,676.18,298.17,974.35,193.17,1.06,1.75,1170.32,1.1629,61
2c6e8247-11ef-4e2f-9027-27a25f33f37b,7,3,677.23,298.58,975.81,192.84,1.03,1.81,1171.48,0.9093,61
2c6e8247-11ef-4e2f-9027-27a25f33f37b,8,3,678.61,324.18,1002.79,193.16,1.03,1.68,1198.67,2.5906,67
2c6e8247-11ef-4e2f-9027-27a25f33f37b,9,3,681.64,322.02,1003.66,193.0,1.01,1.65,1199.31,3.3772,69
efc00ec5-6714-4f93-a641-822c298800ae,0,1,650.03,249.89,899.92,193.09,1.1,2.08,1096.19,4.0486,37
efc00ec5-6714-4f93-a641-822c298800ae,1,1,660.52,250.65,911.17,193.33,1.07,1.74,1107.32,3.0923,40
efc00ec5-6714-4f93-a641-822c298800ae,2,1,664.47,250.26,914.73,193.48,1.08,1.87,1111.16,1.8712,40
efc00ec5-6714-4f93-a641-822c298800ae,3,1,667.33,250.8,918.12,193.23,1.07,1.79,1114.21,4.0589,37
efc00ec5-6714-4f93-a641-822c298800ae,4,1,669.54,227.26,896.81,194.49,1.03,1.7,1094.02,1.2182,34
efc00ec5-6714-4f93-a641-822c298800ae,5,1,666.19,250.37,916.56,193.3,1.04,1.79,1112.69,2.3719,37
efc00ec5-6714-4f93-a641-822c298800ae,6,1,670.04,227.98,898.02,193.69,1.03,1.74,1094.48,1.0579,34
efc00ec5-6714-4f93-a641-822c298800ae,7,1,670.12,251.64,921.76,193.37,1.04,1.73,1117.9,3.4213,40
efc00ec5-6714-4f93-a641-822c298800ae,8,1,676.18,251.57,927.74,193.48,1.11,1.75,1124.08,1.8908,43
efc00ec5-6714-4f93-a641-822c298800ae,9,1,675.99,252.39,928.38,194.19,1.08,1.78,1125.43,2.4851,37
2774c86d-4177-4d35-a3e6-7c0f64853834,0,3,649.01,391.17,1040.18,194.15,1.12,2.25,1237.69,9.5017,71
2774c86d-4177-4d35-a3e6-7c0f64853834,1,3,665.96,390.86,1056.82,194.28,1.09,1.85,1254.04,4.9927,71
2774c86d-4177-4d35-a3e6-7c0f64853834,2,3,666.66,395.91,1062.57,194.12,1.13,1.89,1259.71,6.0141,71
2774c86d-4177-4d35-a3e6-7c0f64853834,3,3,668.71,392.42,1061.13,194.36,1.13,1.85,1258.47,5.2554,72
2774c86d-4177-4d35-a3e6-7c0f64853834,4,3,672.48,392.44,1064.92,194.17,1.05,1.78,1261.92,8.2199,71
2774c86d-4177-4d35-a3e6-7c0f64853834,5,3,674.54,393.03,1067.58,194.4,1.08,1.83,1264.88,2.6251,72
2774c86d-4177-4d35-a3e6-7c0f64853834,6,3,673.89,392.72,1066.62,194.1,1.02,1.72,1263.46,4.7608,71
2774c86d-4177-4d35-a3e6-7c0f64853834,7,3,682.7,392.34,1075.04,194.46,1.11,1.76,1272.37,9.009,71
2774c86d-4177-4d35-a3e6-7c0f64853834,8,3,682.81,393.06,1075.88,194.2,1.04,1.72,1272.84,8.6655,72
2774c86d-4177-4d35-a3e6-7c0f64853834,9,3,683.86,392.6,1076.46,194.43,1.12,1.76,1273.76,10.9409,72
1c968fa8-72a3-4965-8e03-fe824fdf8512,0,3,651.75,535.41,1187.16,194.38,1.11,2.27,1384.93,2.2078,102
1c968fa8-72a3-4965-8e03-fe824fdf8512,1,3,668.47,250.32,918.79,193.27,1.06,1.84,1114.96,1.4897,44
1c968fa8-72a3-4965-8e03-fe824fdf8512,2,3,664.23,462.07,1126.3,194.33,1.06,1.78,1323.47,3.403,84
1c968fa8-72a3-4965-8e03-fe824fdf8512,3,3,673.25,321.78,995.02,192.93,1.03,1.72,1190.7,2.8369,59
1c968fa8-72a3-4965-8e03-fe824fdf8512,4,3,666.92,321.92,988.84,192.94,1.12,1.78,1184.68,4.391,59
1c968fa8-72a3-4965-8e03-fe824fdf8512,5,3,673.49,345.95,1019.44,193.38,1.05,1.79,1215.65,3.4843,57
1c968fa8-72a3-4965-8e03-fe824fdf8512,6,3,675.13,323.06,998.19,192.89,1.1,1.74,1193.92,3.8513,59
1c968fa8-72a3-4965-8e03-fe824fdf8512,7,3,676.68,463.65,1140.33,194.51,1.02,1.7,1337.57,3.4507,84
1c968fa8-72a3-4965-8e03-fe824fdf8512,8,3,681.22,462.89,1144.11,194.38,1.05,1.71,1341.25,2.2773,84
1c968fa8-72a3-4965-8e03-fe824fdf8512,9,3,686.78,322.55,1009.33,192.94,1.04,1.91,1205.21,2.8436,0
c03d7d96-835c-40d1-91e2-cc7f51bcb25c,0,4,651.04,250.12,901.17,193.2,1.14,2.01,1097.52,1.4793,36
c03d7d96-835c-40d1-91e2-cc7f51bcb25c,1,4,662.47,251.4,913.87,194.8,1.09,1.72,1111.49,1.5146,39
c03d7d96-835c-40d1-91e2-cc7f51bcb25c,2,4,665.31,250.14,915.46,193.31,1.06,1.72,1111.55,1.234,39
c03d7d96-835c-40d1-91e2-cc7f51bcb25c,3,4,668.22,251.52,919.73,193.56,1.18,1.71,1116.19,1.3034,39
c03d7d96-835c-40d1-91e2-cc7f51bcb25c,4,4,669.64,344.38,1014.02,193.03,1.04,1.69,1209.77,0.8519,62
c03d7d96-835c-40d1-91e2-cc7f51bcb25c,5,4,677.2,275.22,952.42,194.27,1.06,1.76,1149.52,1.9922,41
c03d7d96-835c-40d1-91e2-cc7f51bcb25c,6,4,671.38,250.9,922.28,193.35,1.06,1.7,1118.38,0.4629,39
c03d7d96-835c-40d1-91e2-cc7f51bcb25c,7,4,676.46,278.47,954.93,217.64,1.39,2.08,1176.04,0.3517,41
c03d7d96-835c-40d1-91e2-cc7f51bcb25c,8,4,676.77,392.76,1069.53,194.13,1.14,1.8,1266.6,1.3059,72
c03d7d96-835c-40d1-91e2-cc7f51bcb25c,9,4,684.0,252.08,936.08,193.5,1.01,1.68,1132.27,0.9564,39
